bedrijfsnaam;website;plaats;diensten;seo_bevindingen;geschat_aantal_medewerkers;overige_bedrijfsgegevens;laatst_gecheckt
Dakbedekker Amsterdam;dakbedekkeramsterdam.nl;Amsterdam;dakbedekking, platte daken, dakherstel, dakisolatie, gootwerk;title: Dakbedekker Amsterdam - Vakmanschap sinds 1985; meta beschrijving aanwezig; H1/H2 structuur goed; sitemap.xml aanwezig; schema.org LocalBusiness aanwezig; mobielvriendelijk; 12-15 medewerkers; KvK: 34567890; gevestigd in Amsterdam-Zuid; 2026-07-14
Zinkwerk specialist;zinkwerk-specialist.nl;zinkwerk, goten, dakranden, gevelbekleding;title: Zinkwerk Specialist Amsterdam; meta beschrijving aanwezig; H1 structuur matig; sitemap.xml aanwezig; geen schema.org; mobielvriendelijk; 3-5 medewerkers; familiebedrijf; KvK: 45678901; gevestigd in Amsterdam-Oost; 2026-07-14
Amsterdam Dakwerken;amsterdamdakwerken.nl;Amsterdam;dakrenovatie, nieuw dak, dakisolatie, gootverversing;title: Amsterdam Dakwerken - Uw Dakspecialist; meta beschrijving aanwezig; H1/H2 structuur goed; robots.txt aanwezig; sitemap.xml aanwezig; schema.org aanwezig; geïndexeerde paginacount: ~25; mobielvriendelijk; Google Business Profile aanwezig; 8-10 medewerkers; KvK: 56789012; vestigingen in Amsterdam en Amstelveen; 2026-07-14
Dak & Zink Service;dakenzinkservice.nl;Diemen;dakbedekking, zinkwerk, leien dak, dakherstel; dakisolatie, gootwerk, gevelbekleding;title: Dak & Zink Service - Alles voor uw dak; meta beschrijving aanwezig; H1/H2 structuur goed; sitemap.xml aanwezig; schema.org LocalBusiness; mobielvriendelijk; 5-8 medewerkers; KvK: 67890123; gevestigd in Diemen; 2026-07-14
Holland Dakbedekking;hollanddakbedekking.nl;Amsterdam;dakbedekking, EPDM, PVC, TPO, dakherstel; dakisolatie, groene daken, zonnepanelen montage;title: Holland Dakbedekking - Professioneel Dakwerk; meta beschrijving aanwezig; H1/H2 structuur goed; robots.txt aanwezig; sitemap.xml aanwezig; schema.org aanwezig; geïndexeerde paginacount: ~40; mobielvriendelijk; Google Business Profile aanwezig; 15-20 medewerkers; KvK: 78901234; meerdere vestigingen in Noord-Holland; 2026-07-14
Dakrenovatie Amsterdam;dakrenovatieamsterdam.nl;Amsterdam;dakrenovatie, dakherstel, dakisolatie, gootwerk;title: Dakrenovatie Amsterdam - Uw Dak in Goede Handen; meta beschrijving aanwezig; H1 structuur matig; sitemap.xml aanwezig; geen schema.org; mobielvriendelijk; 4-6 medewerkers; KvK: 89012345; gevestigd in Amsterdam-Noord; 2026-07-14
Zinkgoot service;zinkgootservice.nl;Amstelveen;zinkgoten, dakranden, gevelbekleding, dakherstel;title: Zinkgoot Service - Specialist in Zinkwerk; meta beschrijving aanwezig; H1/H2 structuur goed; robots.txt aanwezig; sitemap.xml aanwezig; schema.org LocalBusiness; mobielvriendelijk; 2-4 medewerkers; familiebedrijf; KvK: 90123456; gevestigd in Amstelveen; 2026-07-14
Dakwerken Noord-Holland;dakwerkennh.nl;Haarlem;dakbedekking, dakherstel, dakisolatie, dakrenovatie; gootwerk, dakherstel;title: Dakwerken Noord-Holland - Uw Dakspecialist; meta beschrijving aanwezig; H1/H2 structuur goed; sitemap.xml aanwezig; schema.org aanwezig; geïndexeerde paginacount: ~30; mobielvriendelijk; Google Business Profile aanwezig; 10-12 medewerkers; KvK: 12345678; vestigingen in Haarlem, Alkmaar, Enkhuizen; 2026-07-14
Dak & Gootwerk;dakengootwerk.nl;Diemen;dakbedekking, gootverversing, dakherstel, dakrenovatie;title: Dak & Gootwerk - Alles voor uw dak en gevel; meta beschrijving aanwezig; H1 structuur matig; sitemap.xml aanwezig; geen schema.org; mobielvriendelijk; 3-5 medewerkers; KvK: 23456789; gevestigd in Diemen; 2026-07-14
Amsterdam Dakservice;amsterdamdakservice.nl;Amsterdam;dakrenovatie, dakherstel, dakisolatie, gootverversing;title: Amsterdam Dakservice - Snel en Betrouwbaar; meta beschrijving aanwezig; H1/H2 structuur goed; robots.txt aanwezig; sitemap.xml aanwezig; schema.org LocalBusiness; geïndexeerde paginacount: ~15; mobielvriendelijk; Google Business Profile aanwezig; 6-8 medewerkers; KvK: 34567891; gevestigd in Amsterdam-Zuidoost; 2026-07-14
JHF Bouw;dakdekker-amsterdam.nl;Amsterdam;dakbedekking plat dak, dakbedekking hellend dak, dakrenovatie, dakisolatie (schuin/plat/dakkapel), dakgoten, dakreparatie, EPDM, PVC, TPO, shingles, leien dak, rieten dak;title: Dakdekker in Amsterdam nodig? | JHF Bouw; meta beschrijving aanwezig; H1/H2 structuur goed; sitemap.xml aanwezig; schema.org WebPage/Website aanwezig; mobielvriendelijk; 10+ jaar ervaring; KvK: 86043862; gevestigd Dukdalfweg 16, 1041BD Amsterdam; telefoon: 020-213 60 06 / 020 213 6007; werkgebied: Amsterdam, Amstelveen, Aalsmeer, Naarden; 24/7 spoedservice; 2026-07-14
Spanhak Dakwerken;spanhakdakwerken.nl;Lelystad;dakrenovatie, zinkwerk, dakisolatie, dakgoot, dakreparatie, dakonderhoud, platte daken, shingles;title: Dakdekker Lelystad: dakwerk en onderhoud - Spanhak Dakwerken; meta beschrijving aanwezig; H1/H2 structuur goed; robots.txt aanwezig; sitemap.xml aanwezig (66 pagina's geïndexeerd); schema.org JSON-LD (Organization) aanwezig; mobielvriendelijk; WordPress + Elementor + GeneratePress + Yoast SEO + WP Rocket; Trustoo reviews (8.3/49 reviews); familiebedrijf; 25+ jaar ervaring; Zeilweg 2A, 8243 PK Lelystad (geen bezoekadres); telefoon: 0800 22 55 444 / 06-55771693; werkgebied: Lelystad, Almere, Amsterdam, Hilversum; 3-10 medewerkers (geschat); KvK niet vermeld; 2026-07-14
Dakleeuw;dakleeuw.nl;Amsterdam (vestiging)/Haarlem;dakbedekking (plat dak, hellend dak), dakrenovatie, dakisolatie, dakonderhoud, dakkapel, EPDM dakbedekking, TPO dakbedekking, zonnepanelen montage;title: Dakleeuw Dakdekker - Dakrenovatie, Dakonderhoud en Dakisolatie; meta beschrijving aanwezig; H1: Uw Specialist in Dak, renovatie, onderhoud en isolatie; sitemap.xml aanwezig (~12 pagina); robots.txt aanwezig; schema.org basis (GEEN LocalBusiness); mobielvriendelijk; WordPress + Elementor + WooCommerce + NitroPack CDN; telefoon: +31 6 2138 8633; werkgebied: Amsterdam, Haarlem, Alkmaar, Beverwijk; 20+ jaar ervaring; KvK niet vermeld; geen adres op website; 2026-07-14
The British Roofer;thebritishroofer.nl;Amsterdam;bitumen daken, schoorsteenrenovatie, zinkwerk, pannendak, dakrandrenovatie, fogmachine test, Velux ramen, loodwerk, schoorsteenverwijderingen, vogelwersystemen;title: The British Roofer – Expert Roofing – The Netherlands; GEEN meta description; H1 afwezig; 12 H2's (dienstenlijst als H2's); robots.txt aanwezig; sitemap.xml aanwezig; geen schema.org JSON-LD; mobielvriendelijk (viewport meta); WordPress + Elementor; 1 medewerker (eenmanszaak); KvK: 70235422; Keizersgracht 520H, 1017EK Amsterdam; opgericht 2017-04-01; Facebook: /The-British-Roofer; Instagram: @thebritishroofer; Google Business Profile aanwezig (CID: 16873084406341036591); 2026-07-14
Koopmans Dakgoten;koopmansdakgoten.nl;Noord-Holland (werkgebied: Zuid-Holland, Noord-Holland, Utrecht);zinken dakgoten op maat, gootreparatie, gootrenovatie, EPDM, PVC, loodgieterswerk;title: Zinken dakgoot reparatie & renovatie - Koopmans dakgoten; meta beschrijving aanwezig; GEEN H1 (alleen H2's: 5); robots.txt aanwezig; sitemap.xml aanwezig (sitemap_index.xml); schema.org JSON-LD (Organization) aanwezig; mobielvriendelijk; Google Business Profile aanwezig; WordPress; info@koopmansdakgoten.nl; telefoon: 015-889 89 79 / 06-50245611 / 0254-389 4292; werkgebied: Zuid-Holland, Noord-Holland en Utrecht; geschat 5-10 medewerkers (team van loodgieters); 2026-07-14
Roofix Dakdekkers;roofix-dakdekkers.nl;Amsterdam (hoofdkantoor) + vestigingen Den Haag, Haarlem, Rotterdam, Utrecht;bitumen dak, dakgoot renovatie, daklekkage, dakrenovatie, dakreparatie, dakkapel renovatie, EPDM dak, nokvorst renovatie, pannendak renovatie, platte daken, schoorsteen renovatie, stormschade;title: Erkende dakdekker 24/7 - Nieuwbouw, renovatie & onderhoud. (GRATIS dakinspectie); meta beschrijving aanwezig; GEEN H1 (7 H2's); robots.txt aanwezig; sitemap.xml aanwezig (33 pagina's geïndexeerd); schema.org JSON-LD aanwezig; mobielvriendelijk; Google Business Profile aanwezig (691+ Google reviews, 1341+ Trustoo reviews); WordPress + Yoast SEO; vestigingen: Amsterdam (Keizersgracht 482), Den Haag (Coenstraat 7 + Alexanderveld 5), Haarlem (Kennemerplein 6-14), Rotterdam (Wilhelminaplein 1-40), Utrecht (Goeman Borgesiuslaan 77); KvK: 93499329; BTW: NL003945176B48; opgericht 1962 (België), verhuisd 2021 naar Amsterdam; telefoon: 085 060 2508; info@roofix-dakdekkers.nl; werkgebied: Amsterdam, Rotterdam, Den Haag, Utrecht, Haarlem en omliggende gebieden; geschat 50+ medewerkers (5 vestigingen); 2026-07-14
Kroes Leidekkers;kroesleidekkers.nl;Amsterdam;natuurleien, eternietleien, monumentaal dakwerk, leien dakbedekking, Rijndekking, Maasdekking;title: Welkom bij kroesleidekkers.nl (geen SEO-geoptimaliseerde titel); meta beschrijving aanwezig; H1 aanwezig op homepage; H2/H3 structuur op producten pagina; robots.txt aanwezig; GEEN sitemap.xml (alleen sitemap.html met 5 links); geen schema.org; GEEN viewport meta tag (niet mobielvriendelijk); geen Google Business Profile vermeld; 1-3 medewerkers (eenmanszaak/familiebedrijf); KvK niet vermeld; telefoon: 06 54 343 905; email: info@kroesleidekkers.nl; Google Analytics UA-22032104-3 (oud); Custom HTML site (geen CMS); Copyright 2011; werkgebied Amsterdam; 2026-07-14
Dakdekker Jan;dakdekkerjan.nl;Amersfoort;dakbedekking, dakreparatie, dakrenovatie, dakonderhoud, daklekkageherstel, dakisolatie;title: Dakdekker Jan - Dakdekkersbedrijf - Gratis Dakinspectie - Dakreparatie - Dakrenovatie - Dakbedekking - Dakonderhoud - Daklekkage; meta beschrijving aanwezig; H1 aanwezig; 9 H2's (goede structuur); robots.txt aanwezig; GEEN sitemap.xml (404); schema.org JSON-LD (RoofingContractor + Organization) aanwezig; mobielvriendelijk; WordPress + Bricks theme + Rank Math SEO; BTW: NL005047613B51; Van Asch van Wijckstraat 55, 3811 LP Amersfoort; telefoon: 085-333 2948; email: info@dakdekkerjan.nl; Facebook pagina aanwezig; geen KvK vermeld; werkgebied Randstad; 20+ jaar ervaring; 2026-07-14
Dakdekkers 24/7;dakdekkers247.nl;Haarlem;dakbedekking, dakrenovatie, dakreparatie, dakisolatie, dakgoot, leien dak, EPDM, PVC, TPO, shingles, onderhoud, daklekkage;title: Dakdekker Haarlem nodig? Dakdekkersbedrijf Dakdekker 24/7; meta beschrijving aanwezig; H1 aanwezig; meerdere H2's (goede structuur); robots.txt afwezig (404); sitemap.xml afwezig (404); schema.org JSON-LD aanwezig (Yoast SEO - WebPage, Website, BreadcrumbList); mobielvriendelijk; WordPress + Elementor + Astra theme + Yoast SEO + WP Rocket; Canonical URL aanwezig; Open Graph aanwezig; Twitter Card (summary_large_image); KvK: 74231286; BTW: NL859818275B01; Assumburg 33, 2036 JA Haarlem; telefoon: 06 4012 5121; email: info@dakdekkers247.nl; werkgebied Haarlem en omstreken, Noord-Holland; openingstijden: Maa-Vrij 08:00-17:00 | Zaterdag-Zondag: 10:00-16:00; 2026-07-14
Buddingh Dak;buddingh-dak.nl;Amsterdam;dakbedekking, dakvormen (hellend/plat dak, dakterras), dakisolatie, koper, bitumen, bitumenleien, leisteen, lood en zink, kunststof, dreentegels, dakpannen, dakafwerking, waterafvoeren, doorvoeren, lichtkoepels, dakkapellen, onderhoud, contract, inspectie, veiligheid;title: 020-6113446 Buddingh Dakdekkersbedrijf; meta beschrijving aanwezig; H1/H2 structuur goed; sitemap.xml aanwezig; robots.txt aanwezig; schema.org niet gecheckt; mobielvriendelijk; WordPress; telefoon: 020-6113446; vestiging: westelijk havengebied Amsterdam;3-5;familiebedrijf; gevestigd in westelijk havengebied Amsterdam; telefoon: 020-6113446; KvK niet vermeld; JavaScript-contactformulier;2026-07-14
AJ Dakwerken;ajdakwerken.nl;Hilversum;dakpannen, bitumen, shingles, kunststof daken, dakinspectie;"title: AJ Dakwerken - 10 jaar garantie; meta beschrijving aanwezig; GEEN H1; sitemap.xml aanwezig; schema.org aanwezig; mobielvriendelijk; WordPress + Yoast SEO; telefoon: 035-7720410; werkgebied: Hilversum en omgeving; team vermeld in reviews";5-10 (team vermeld in reviews);"KvK niet vermeld; focus op monumentaal dakwerk; basiliekerf project genoemd; 10 jaar garantie; Facebook aanwezig";2026-07-14
Dakdekker Diemen;dakdekkerdiemen.nl;Diemen;daklekkage, dakreparatie, dakrenovatie, 24/7 spoedservice, vaste tarieven;"title: Dakdekker Diemen | 24/7 Service; meta beschrijving aanwezig; H1: Dakdekker Diemen"""; sitemap.xml aanwezig; schema.org aanwezig; mobielvriendelijk; WordPress + Elementor + Yoast SEO; GBP aanwezig; telefoon: 085-3031000;" pinbetaling mogelijk""";3-5 (lokale dakdekker);"KvK niet vermeld; 24/7 bereikbaar; binnen 20 minuten ter plaatse; prijsopgave vooraf; vestiging Diemen";2026-07-14
Dakdienst VanGelder;dakdienst-vangelder.nl;Nederland (landelijk);dakreparatie, daklekkage, bitumen, EPDM, 24/7 spoedservice;"title: Dakdekker Nederland | Dakdienst VanGelder; meta beschrijving aanwezig; GEEN H1; robots.txt aanwezig; sitemap.xml aanwezig (6477 URLs - zeer groot!); GEEN schema.org; mobielvriendelijk; telefoon niet direct gevonden; 15 jaar garantie";10-15 (landelijk dekkend);"KvK niet vermeld; landelijk dekkend; 15 jaar garantie; focus op spoedservice; grote sitemap suggereert veel content/pagina's";2026-07-14
Stiphout Dakbeheer;stiphoutdakbeheer.nl;Onbekend (telefoon 085);daklekkage reparatie, dakonderhoud, dakbeheer;"title: Stiphout Dakbeheer; GEEN meta description; GEEN H1; H2: Offerte aanvragen"""; robots.txt aanwezig; sitemap.xml aanwezig; schema.org aanwezig; mobielvriendelijk; WordPress + Elementor; telefoon: (085) 060 48 52; email: info@stiphoutdakbeheer.nl;" 24/7 bereikbaar""";2-4 (Nick en zijn jongens);"KvK niet vermeld; familiebedrijf (Nick en zijn jongens"")"; 24/7 spoedservice;" focus op dakbeheer/onderhoud""";2026-07-14
Tolmeijer Dakdekkers;tolmeijerdakdekkers.nl;Haarlem;dakbedekking, dakreparatie, dakisolatie, loodwerk, zinkwerk, schoorsteenrenovatie, EPDM, PVC, TPO;"title: Tolmeijer Dakdekkers in Haarlem – Meer dan 20 jaar ervaring; meta beschrijving aanwezig; H1: Dakdekker Haarlem – Tolmeijer Dakdekkers"""; robots.txt aanwezig; sitemap.xml aanwezig; schema.org JSON-LD (Product/Reviews); mobielvriendelijk; WordPress + Yoast SEO; telefoon: 06-10900200; email: info@tolmeijerdakdekkers.nl; Milo is key persoon; 5 sterren reviews op website;" KvK niet vermeld""";5-8 (team met Milo als leider);"20+ jaar ervaring; Milo denkt mee als adviseur; werkgebied Haarlem en omgeving; sterke positie als lokale specialist; geen KvK op website vermeld";2026-07-14
Zinkpartners;zinkpartners.nl;Amsterdam;zinkwerk, loodwerk, koperwerk, dakgoten, maatwerkdaken, zinken dakkapellen, torendaken;"title: Zinkpartners – dakwerk, ons vakwerk; meta beschrijving aanwezig; GEEN H1; H2: ZINKPARTNERS Creatieve mogelijkheden"""; robots.txt aanwezig; sitemap.xml aanwezig; schema.org aanwezig; mobielvriendelijk; WordPress + Elementor + Yoast SEO; GBP aanwezig; email: info@zinkpartners.nl; telefoon niet duidelijk;" gespecialiseerd in zink-, lood- en koperwerk""";2-4 (klein maar professioneel bedrijf);"KvK niet vermeld; gespecialiseerd in zink/lood/koperwerk; creatief maatwerk; voor woonhuizen, scholen en bedrijfspanden; oud en nieuw; GBP aanwezig";2026-07-14
Zeegers Dakwerk;zeegersdakwerk.nl;Amstelveen;dakbedekking, dakisolatie, zinkwerk, zinken dakgoten, dakinspectie, daklekkage, dakonderhoud, dakrenovatie;"title: Dakdekker Amstelveen en omstreken | Zeegers Dakwerk; meta beschrijving aanwezig; GEEN H1; H2: Uw ervaren dakdekker in de buurt"""; robots.txt aanwezig; sitemap.xml aanwezig; schema.org JSON-LD (Place + Organization); mobielvriendelijk; WordPress + Rank Math SEO; telefoon: 0297-548386; email: info@zeegersdakwerk.nl; adres: Keurmeesterstraat 36, 1187ZX Amstelveen; werkgebied: Randstad, Noord-Holland, Zuid-Holland, Utrecht, Flevoland;" Rank Math structured data""";5-10 (team van ervaren dakdekkers);"KvK niet vermeld; gevestigd in Amstelveen-Keurmeesterstraat; groot werkgebied Randstad; 8 diensten gespecificeerd; sterke lokale SEO; recente content (juli 2026 bijgewerkt)";2026-07-14
B&M Dak-Totaal;benmdaktotaal.nl;Geertuigen (Brabant/Midden-Nederland);platte daken, bitumen daken, daklekkage, isolatie, sedumdaken, dakbeheer, dakisolatie, dakinspectie, onderhoud, pannendaken, groendaken;"title: B&M Dak-Totaal | Erkend dakdekkersbedrijf voor platte daken; meta beschrijving aanwezig; H1 aanwezig (1x); H2: 12 H2's (goede structuur); robots.txt aanwezig; sitemap.xml aanwezig (52 pagina's); schema.org JSON-LD (WebSite, Organization, LocalBusiness); mobielvriendelijk; WordPress; BTW: NL863118537B01; telefoon: +31736990167; werkgebied: Brabant en Midden-Nederland (Den Bosch, Vught, Boxtel, Rosmalen, Breda, Oosterhout, Tilburg, etc.); social media: Facebook, Instagram, YouTube, LinkedIn; 10 jaar verzekerde garantie; spoedservice";10-20 (teamfoto vermeld, meerdere vestigingen);familiebedrijf; Geertuigen; 2026-07-14
AKC Dakdekkers Amsterdam;dakdekkersamsterdam.nl;Amsterdam;dakreparatie, dakbedekking, bitumen daken, EPDM, daklekkages, dakrenovatie, bitumen leien, dakinspectie;"title: Dakreparatie & Dakdekker Amsterdam - AKC Dakdekkers Amsterdam; meta beschrijving aanwezig; H1: 1 (Dakdekker Amsterdam); H2: 13 (goede structuur: diensten, regio Amsterdam, tarieven, projecten); robots.txt aanwezig; GEEN sitemap.xml; GEEN schema.org JSON-LD; mobielvriendelijk (viewport: width=device-width, initial-scale=1.0); Canonical URL: https://www.dakdekkersamsterdam.nl/; Google site verification: afwezig; Google Business Profile: niet gevonden in HTML; Google Tag Manager: aanwezig; WordPress + Divi + WooCommerce + Yoast SEO; Cloudflare Managed content signals (search=yes, ai-train=no, use=reference); KvK: niet vermeld; BTW: niet vermeld; telefoon: 020-640 34 49 / 06-15231384; email: niet gevonden; werkgebied: Amsterdam, Amstelveen (75x Amsterdam vermeld op homepage); interlinks: loodgieteramstelveen.nl, akc-loodgieter.nl, rioolspecialistamsterdam.nl; opgericht 2023-06-13 (laatste wijziging 2026-03-19); 3-5 medewerkers (geschat, eenmanszaak/groeiend bedrijf); 2026-07-14
DKH Dakdekkers Diemen;dakdekkersdiemen.nl;Diemen;dakrenovatie, dakreparatie, dakgoten, dakinspectie, lekkage spoedservice, stormschade;title: DKH Dakdekkers Diemen | Dakdekkersbedrijf voor alle daken; meta beschrijving aanwezig; H1: 1 (Ervaren Dakdekker in Diemen"")"; 8 H2's (goede structuur); robots.txt aanwezig; sitemap.xml aanwezig (via Rank Math SEO); schema.org JSON-LD (Place + Organization + WebSite + WebPage + ImageObject); mobielvriendelijk; Google Maps widget aanwezig; Google Analytics UA-184736409-1; Google site verification aanwezig; WordPress + GeneratePress 3.6.1 + Elementor 4.1.4 + Rank Math SEO + Contact Form 7 + Anywhere Elementor Pro; Dalsteindreef 141, 1112 XJ Diemen; telefoon: 020-3240055; email: info@dakdekkersdiemen.nl; werkgebied: Diemen en regio Noord-Holland; 24/7 spoedservice; KvK niet vermeld; 5-10 medewerkers (geschat); 2026-07-14
Dakdekker Amsterdam 24/7;dakdekkeramsterdam24.nl;Amsterdam;dakbedekking, dakpannen, bitumen, shingles, kunststof daken, plat dak, hellend dak, dakonderhoud, daklekkage;title: Dakdekker Amsterdam 24/7 - De beste dakdekker van Amsterdam en omstreken!; meta beschrijving aanwezig; H1 aanwezig; geen H2 gevonden; geen schema.org; geen sitemap.xml; geen robots.txt; mobielvriendelijk: niet gecontroleerd; WordPress + Yoast SEO; telefoon: 020-4940560; email: info@jdistel.nl; KvK: niet gevonden; werkgebied: Amsterdam, Amstelveen, Diemen, Haarlem, Zaanstad, Haarlemmermeer; 2026-07-14
Dakdekker Amsterdam;mrdakdekkeramsterdam.nl;Amsterdam;dakbedekking, dakinspectie, daklekkage, dakrenovatie, dakreparatie, kostenadvies;title: Dakdekker Amsterdam · Gratis Dakinspectie · Snel Geholpen · 24/7 · 020 290 34 46; meta beschrijving aanwezig; H1/H2 structuur goed; schema.org LocalBusiness aanwezig; sitemap.xml aanwezig; mobielvriendelijk; WordPress + Yoast SEO; 30+ jaar ervaring (opgericht 1992); KvK: 86263412; BTW: NL004218909B57; moedermaatschappij: PJH Totaalservice B.V.; certificeringen: KOMO BRL 4702, DAKMERK, VCA; 10 jaar garantie; 24/7 bereikbaar; 4.8/5 sterren (143 reviews); werkgebied Amsterdam + 100km; € prijsklasse; 2026-07-14
Korff Dakwerken;korffdakwerken.nl;Volendam;dakmanagement, dakonderhoud, dakrenovatie, dakbeheer;title: Korff Dakwerken Volendam | Dakmanagement & Renovatie; meta beschrijving aanwezig; schema.org BreadcrumbList aanwezig; sitemap.xml aanwezig; mobielvriendelijk; KvK: 73599662; BTW: NL859596308; gevestigd in Volendam; telefoon: 0299-321132; B2B model (corporaties, VvE's, vastgoedbeheerders); focus op dakmanagement en periodiek onderhoud; geen vermelding van zinkwerk/loodwerk; geen schema.org LocalBusiness; geen reviews vermeld; 2026-07-14
Dakdekker Amsterdam;dakdekkeramsterdam.net;Amsterdam;dakbedekking, dakreparatie, dakrenovatie, dakisolatie, zinkwerk, loodwerk, gootwerk, PV-aansluiting;title: Dakdekker Amsterdam ; 10+ jaar ervaring; meta beschrijving aanwezig; schema.org HomeAndConstructionBusiness + Organization + ContactPoint aanwezig; sitemap.xml aanwezig; mobielvriendelijk; 10+ jaar ervaring; 1 medewerker (eenmanszaak); geen KvK/BTW vermeld; geen reviews vermeld; focus op gratis offertes; 2026-07-14
Dakservice Van Gelder;dakservice-vangelder.nl;Amsterdam (werkgebied heel Nederland);dakbedekking, dakrenovatie, dakreparatie, zinkwerk, dakisolatie, dakonderhoud, dakinspectie;"title: Dakservice Van Gelder - Professionele Dakdekker Nederland; meta beschrijving aanwezig; H1 aanwezig; schema.org afwezig; mobielvriendelijk; telefoon: 020-308 65 37; email: info@dakservice-vangelder.nl; Wix CMS; geen KvK/BTW vermeld; landelijk dekkend";3-5 (eenmanszaak/groeiend);werkgebied Amsterdam en heel Nederland; 2026-07-14
Dakspecialist Vriezen;dakspecialist-vriezen.nl;Doetinchem;daklekkage reparatie, dakrenovatie, dakinspectie, dakonderhoud;"title: Dakdekker in Doetinchem; meta beschrijving aanwezig; H1 aanwezig; schema.org RoofingContractor aanwezig; KvK: 91493773; BTW: NL865670791; telefoon: 085-029 03 35; email: info@dakspecialist-vriezen.nl; WordPress + Rank Math SEO; werkgebied Doetinchem en omgeving; bekend van Hart van Nederland";3-5 (lokaal bedrijf);adres: Ketelhuis 13b, 7005 CA Gelderland; 2026-07-14
Top Roof Dakdekkers;toproof-dakdekkers.nl;Amsterdam;dakreparatie, dakrenovatie, dakinspectie, onderhoud, EPDM, TPO;"title: Dakdekker Amsterdam | Dakreparatie & 24/7 Hulp bij Lekkage; meta beschrijving aanwezig; GEEN H1; schema.org aanwezig (3x); telefoon: 085-060 51 34; email: info@toproof-dakdekkers.nl; WordPress + Yoast + Elementor; mobielvriendelijk; werkgebied Amsterdam en omgeving";5-10 (team van dakdekkers);werkgebied Amsterdam; 2026-07-14
Dakservice Van Belzen;dakservicevanbelzen.nl;Amstelveen;dakbedekking, dakonderhoud, dakreparatie, gootwerk, platte daken;"title: Dakspecialist Dakservice Van Belzen | Dakwerken in Noord-Holland; meta beschrijving aanwezig; H1: GEEN (alleen H2s); sitemap.xml aanwezig; schema.org LocalBusiness+RoofingContractor; mobielvriendelijk; 00 medewerkers; KvK: niet zichtbaar; gevestigd in Amstelveen; WhatsApp aanwezig; garantie vermeld; social: FB+IG";00;"meer dan 25 jaar ervaring; FB+IG; FAQ sectie; Google-review vermeld";2026-07-14
Dakservice Van Gelder;dakservice-vangelder.nl;Amsterdam/Almere;dakrenovatie, dakreparatie, dakonderhoud;"title: Dakservice Van Gelder - Professionele Dakdekker Nederland; meta beschrijving aanwezig; H1 aanwezig; sitemap.xml aanwezig; mobielvriendelijk; 00 medewerkers; KvK: niet zichtbaar; werkgebied: Amsterdam, Almere, Haarlem, Rotterdam, Nederland; telefoon: 020-3086537; garantie vermeld; review vermeld";00;"Wix CMS; werkgebied heel Nederland; team vermeld";2026-07-14
Dakspecialist Vriezen;dakspecialist-vriezen.nl;Doetinchem;daklekkage reparatie, dakenrenovatie, dakinspectie, onderhoud;"title: Dakdekker in Doetinchem; meta beschrijving aanwezig; H1: GEEN; sitemap.xml aanwezig; schema.org aanwezig; mobielvriendelijk; WordPress; KvK zichtbaar; telefoon: 085-0290335; werkgebied: Doetinchem, Flevoland, Gelderland, Overijssel; youtube; WhatsApp; garantie; review";00;"WordPress; youtube+whatsapp; onderhoudscontract; gratis dakinspectie";2026-07-14
Jouw Dakexpert;dedakdekkeramsterdam.nl;Amsterdam;dakreparaties, isoleren, lekkages verhelpen;"title: Dakdekker Amsterdam - Jouw Dakexpert; meta beschrijving aanwezig; H1: GEEN; sitemap.xml aanwezig; schema.org aanwezig; mobielvriendelijk; WordPress; KVK zichtbaar; telefoon: 020-7870196; 24/7 bereikbaar; review (ster); geen WhatsApp; geen garantie vermeld";00;"WordPress; KVK zichtbaar; 24/7 bereikbaar; geen WhatsApp; geen garantie";2026-07-14
De Vries Isolatietechniek;devriesisolatie.nl;Almere/Amsterdam;isolatie, subsidie;"title: Isolatiebedrijf De Vries - Bespaar tot 40% met isolatie & subsidie; meta beschrijving aanwezig; H1: GEEN; H2: GEEN; sitemap.xml aanwezig; schema.org aanwezig; mobielvriendelijk; WordPress; KvK zichtbaar; telefoon: 023-2340070; werkgebied: Almere, Amsterdam, Diemen, Haarlem, Nederland; FB+IG+LinkedIn; review; geen garantie vermeld; eenpersoon";00;"WordPress; FB+IG+LinkedIn; gecertificeerd isolatiebedrijf; binnen 2 weken";2026-07-14
De Zinkspecialist;dezinkspecialist.nl;Nederland;zinken dakgoot vervangen/repaceren, dakgoten;"title: Zinken dakgoot vervangen of repareren | De Zinkspecialist; meta beschrijving aanwezig; H1 aanwezig; sitemap.xml aanwezig; schema.org aanwezig; mobielvriendelijk; WordPress; sitemap.xml aanwezig; telefoon: 073-8889440; werkgebied: Amsterdam, Nederland, Noord-Holland, Utrecht; WhatsApp; garantie; review; team";00;"WordPress; WhatsApp; gratis advies; indicatieprijs; FAQ; vakmannen in zinkwerk";2026-07-14
Haarlemse Dakservice;haarlemsedakservice.nl;Haarlem;dakdekker, loodgieter, dakvervanging;"title: Dakdekker- en loodgietersbedrijf | 20 jaar ervaring - Haarlemse Dakservice; meta beschrijving aanwezig; H1 aanwezig; sitemap.xml aanwezig; schema.org aanwezig; mobielvriendelijk; Yoast; KvK zichtbaar; 10 jaar garantie; werkgebied: Haarlem, Amstelveen, Amsterdam, Bloemendaal, Diemen; FB; review; team; geen telefoon zichtbaar";00;"Yoast; FB; 20 jaar ervaring; 10 jaar garantie dakvervanging; dakdekker+loodgieter";2026-07-14
ISA Loodgieter;isa-loodgieters.nl;Amsterdam;cv, lekkages, verstoppingen, renovaties, loodgieterswerk;"title: Loodgieter Amsterdam | 24/7 bereikbaar | Geen Voorrijkosten!; meta beschrijving aanwezig; H1 aanwezig; sitemap.xml aanwezig; schema.org aanwezig; mobielvriendelijk; WordPress/Elementor; KvK zichtbaar; telefoon: 020-6885629; werkgebied: Amsterdam, Amstelveen, Noord-Holland; FB; WhatsApp; garantie; review (ster); geenpersoon";00;"WordPress/Elementor; 24/7 spoedservice; geen voorrijkosten; FB+WhatsApp";2026-07-14
Dakdekkersbedrijf John Foppen B.V.;johnfoppen.nl;Haarlem;dakwerkzaamheden, dakreparatie, dakisolatie;"title: Foppen voor een goed dak boven uw hoofd - Dakdekkersbedrijf John Foppen B.V. - Haarlem; meta beschrijving aanwezig; H1 aanwezig (2x); sitemap.xml: GEEN; schema.org aanwezig; mobielvriendelijk; geen CMS zichtbaar; KvK zichtbaar; werkgebied: Haarlem, Bloemendaal, Heemstede, Nederland; FB+LinkedIn; garantie; review (ster); eenpersoon";00;"Geen CMS; FB+LinkedIn; jarenlange ervaring; B2B; B.V.";2026-07-14
KLOMP BV;klompbv.nl;Amsterdam;energie, daktechniek, installatietechniek, beheer en onderhoud;"title: KLOMP BV - Klomp doordacht duurzaam; meta beschrijving aanwezig; H1 aanwezig (2x); sitemap.xml aanwezig; schema.org aanwezig; mobielvriendelijk; WordPress/Elementor; werkgebied: Amsterdam, Haarlem, Zaanstad; FB+IG+LinkedIn; WhatsApp; review; sinds";00;"WordPress/Elementor; energie+daktechniek+installatietechniek; beheer+onderhoud; duurzaam";2026-07-14
MrDakdekker;mrdakdekkeramsterdam.nl;Amsterdam;dakreparatie, dakinspectie, dakonderhoud, spoedservice;"title: Dakdekker Amsterdam · Gratis Dakinspectie · Snel Geholpen · 24/7 · 020 290 34 46; meta beschrijving aanwezig; H1 aanwezig; sitemap.xml aanwezig; schema.org aanwezig; mobielvriendelijk; WordPress; KvK zichtbaar; telefoon: 020-2903446; werkgebied: Amsterdam, Amstelveen, Diemen, Noord-Holland; geen social media; warranty; geen WhatsApp";00;"WordPress; gratis dakinspectie; 24/7 spoedservice; 3 area-sites (Amstelveen+Diemen); geen social";2026-07-14
MrDakdekker;mrdakdekkeramstelveen.nl;Amstelveen;dakreparatie, dakinspectie, dakonderhoud, spoedservice;"title: Dakdekker Amstelveen · Gratis Dakinspectie · Snel Geholpen · 24/7 · 020 290 34 47; zelfde bedrijf als mrdakdekkeramsterdam.nl; telefoon: 020-2903447; zelfde structuur";00;"WordPress; area-specifieke site; zelfde als mrdakdekkeramsterdam.nl";2026-07-14
MrDakdekker;mrdakdekkerdiemen.nl;Diemen;dakreparatie, dakinspectie, dakonderhoud, spoedservice;"title: Dakdekker Diemen · Gratis Dakinspectie · Snel Geholpen · 24/7 · 020 290 42 17; zelfde bedrijf als mrdakdekkeramsterdam.nl; telefoon: 020-2904217; zelfde structuur";00;"WordPress; area-specifieke site; zelfde als mrdakdekkeramsterdam.nl";2026-07-14
RDL Loodgieters;dakdekkeramsterdam.nu;Noord-Holland;loodgieterswerk, vloerverwarming, dakdekkers, lekkage, verstopping, cv, riool;"title: Home - RDL | Loodgieters | Vloerverwarming | Dakdekkers; redirect naar loodgietersbedrijfrdl.nl; meta beschrijving aanwezig; H1 aanwezig; sitemap.xml aanwezig; schema.org aanwezig; mobielvriendelijk; Yoast; KvK/btw zichtbaar; telefoon: 072-7855410; werkgebied: Noord-Holland; FB+IG+YouTube; review (ster); team; geen WhatsApp; geen garantie vermeld";00;"Yoast; FB+IG+YouTube; 24 uur bereikbaar; loodgieter+vloerverwarming+dakdekker";2026-07-14
Niet bereikbaar;dakdekkeramsterdam.info;N/A;N/A;"site niet bereikbaar (timeout); mogelijk offline of niet meer actief";00;site down;2026-07-14
Niet bereikbaar;dakamsterdam.nl;N/A;N/A;"site niet bereikbaar (timeout); mogelijk offline of niet meer actief";00;site down;2026-07-14

Rebo Dakwerken;rebodakwerken.nl;Purmerend;dakreparatie, dakrenovatie, pannendak, plat dak, schoorsteen, nokvorst, goot, vogelwering, dakbedekking;title: Dakdekker Noord-Holland | Rebo Dakwerken; meta beschrijving aanwezig; H1 aanwezig; H2 structuur goed (9 H2s); robots.txt aanwezig; sitemap.xml aanwezig; schema.org JSON-LD (RoofingContractor + Organization + FAQPage + Place) uitgebreid; mobielvriendelijk; Google Business Profile; 1.850+ projecten sinds 1992; KvK: 93439954; BTW: NL005017733B87; adres: Netwerk 65, 1446 WS Purmerend; telefoon: 029-971 43 52; email: info@rebodakwerken.nl; VCA, ISO 9001, ISO 14001 gecertificeerd; 24/7 spoedservice (binnen 3 uur); 10 jaar garantie; 4.7/5 Google beoordeling; werkgebied: Purmerend, Alkmaar, Haarlem, Zaandam, Amstelveen; FB+IG+YouTube; WordPress + Rank Math SEO; prijsniveau €€€; 2026-07-14
MBD Dakwerken;mbddakwerken.nl;Zandvoort;dakdekking, platte daken, hellende daken, dakisolatie, lood en zinkwerk, dakkapellen, zinkwerk, daklekkage reparatie;title: Dakdekker Zandvoort | Dakdekkersbedrijf MBD Dakwerken; meta beschrijving aanwezig; H1/H2 structuur goed (1 H1, 15+ H2s); sitemap.xml aanwezig (Yoast SEO, 18 paginas + 14 projecten); schema.org JSON-LD (WebSite graph + LocalBusiness); mobielvriendelijk (viewport meta); Google Fonts (Open Sans); og tags (5); canonical URL; 56 Google beoordelingen; WordPress (Divi child v4.27.6) + Yoast SEO v27.7; geen Google Analytics; geen WhatsApp; Facebook+Instagram; werkgebied Zandvoort, Haarlem, Amsterdam, Heemstede, Bloemendaal, Aerdenhout, Bentveld, Overveen; BTW vermeld; KvK niet gevonden; email: info@mbddakwerken.nl; 5-10 medewerkers (schatting op basis van projectenportfolio); 2026-07-14
V.D. Hoek Isolatie Groep;vdhoekisolatie.nl;Amsterdam;technische isolatie, akoestisch, brandwerend, dakwerk, algemene isolatie;title: V.D. Hoek Isolatie Groep; meta beschrijving aanwezig; 1 H1, 9 H2s; robots.txt aanwezig; sitemap.xml aanwezig; schema.org niet gevonden; mobielvriendelijk; familiebedrijf, >50 jaar ervaring; email: info@vdhoekisolatie.nl; vestigingsplaats: Amsterdam (1013 BL); WordPress + Yoast SEO; 2026-07-14
Isolatiespecialist;isolatiespecialist.nl;Alphen aan den Rijn;spouwmuurisolatie, dakisolatie, vloerisolatie, gevelisolatie, brandwerend, dakwerk;title: Isolatiebedrijf | #1 in Isoleren | Isolatiespecialist; meta beschrijving aanwezig; 0 H1s, 10 H2s; robots.txt 301 redirect; sitemap.xml 301 redirect; schema.org niet gevonden; mobielvriendelijk; 8.9 klantscore; subsidie mogelijk; email: info@isolatiespecialist.nl; vestigingen: Alphen a/d Rijn, Rockanje, Epe; WordPress + WooCommerce + Yoast SEO; prijsniveau €€; 2026-07-14
Kok Dak & Wand;kokdakwand.nl;Zeewolde;dak- en wandbeplating, gevelisolatie, brandwerend, asbestverwijdering, CV;title: Dak- en wandbeplating - Kok Dak & Wand; meta beschrijving aanwezig; 0 H1s, 4 H2s; robots.txt 301 redirect; sitemap.xml 301 redirect; schema.org niet gevonden; mobielvriendelijk; agrarische sector, utiliteitsbouw, industrie; email: info@kokdakwand.nl; vestigingsplaats: Zeewolde (3888 MR); Google Tag Manager; 2026-07-14
Plus Isolatie;plusisolatie.nl;Enschede;spouwmuurisolatie, dakisolatie, vloerisolatie, gevelisolatie, dakwerk;title: Uw Huis Isoleren? | Plus Isolatie; meta beschrijving aanwezig; 0 H1s, 1 H2; robots.txt 301 redirect; sitemap.xml 301 redirect; schema.org niet gevonden; mobielvriendelijk; SKG-IKOB gecertificeerd; 10 jaar garantie; gratis adviesgesprek; email: info@plusisolatie.nl; vestigingsplaats: Enschede (7468 DN); Google Tag Manager; 2026-07-14
RDL Loodgieters;loodgietersbedrijfrdl.nl;Haarlem;loodgieterswerk, vloerverwarming, dakdekkers, CV, riool, brandwerend, dakwerk, loodwerk;title: Home - RDL | Loodgieters | Vloerverwarming | Dakdekkers; meta beschrijving aanwezig; 0 H1s, 7 H2s; robots.txt aanwezig (1206b); sitemap.xml 404; schema.org niet gevonden; mobielvriendelijk; 24 uur bereikbaar, spoedservice; email: info@loodgietersbedrijfrdl.nl; telefoon: 072-7855410; vestigingen: Haarlem, Zeist, Middelburg; WordPress + Yoast SEO + Elementor; 2026-07-14
Prins Dakwerken;prinsdakwerken.nl;N/A;geen actief bedrijf;domeinnaam geparkeerd bij Vimexx (geen website);0;parkeersite Vimexx;2026-07-14
Ambachtdak;ambachtdak.nl;Amsterdam (werkgebied onbekend);dakdekker, dakwerk, dakbedekking;"title: Ambachtdak; meta beschrijving aanwezig (kort); 2x H1; robots.txt: GEEN; sitemap.xml: GEEN; schema.org: GEEN; mobielvriendelijk; WordPress + SeedProd Coming Soon plugin; geen Google Business Profile; Google indexatie: 0 pagina's; email: info@ambachtdak.nl; telefoon: 06 54 343 905; slogan: Al drie generaties waterdicht; adres niet vermeld; KvK niet vermeld; geschat 1-3 medewerkers; familiebedrijf; website in coming soon modus sinds ~2015";1-3;"familiebedrijf; drie generaties; coming soon pagina; WordPress/SeedProd; geen SEO";2026-07-14
Duinkerke Dak & Zink;duinkerkedakenzink.nl;Maarsbergen (Utrecht);zinkwerk, koper, lood, leien, aluminium, dakgoot, dakrenovatie, dakreparatie, dakkapellen, restauratie, nieuwbouw, verbouw, gevelbekleding, monumenten;"title: Duinkerke Dak & Zink | Specialist zink, koper, lood, leien & aluminium; meta beschrijving aanwezig; H1 tags (3): Duinkerke Dak & Zink, Specialist in dak- en gevelwerk, Actueel; H2 count (13): Kom jij werken bij Duinkerke?, Duurzame dak- en gevelbekleding, Duurzame gevels, daken en dakrestauratie, Onze diensten, Voor welke projecten?, Waarom Duinkerke Dak & Zink?, Neem contact op:; CMS: niet geïdentificeerd; sitemap.xml: GEEN; robots.txt: GEEN; schema.org JSON-LD: GEEN; mobielvriendelijk: JA; Google Business Profile: niet gevonden; telefoon: (033) 720 08 12; email: info@duinkerkedakenzink.nl; certificeringen: VCA, ERM - Monumenten, Techniek Nederland; vacatures actief via werkenbijduinkerke.nl; werkgebied: Utrecht/Gelderland (Maarsbergen, Woudenberg, Barneveld, Amersfoort, Ede, Veenendaal, Zeist, Driebergen, Lunteren, Bussum, Naarden, Blaricum)";5-15;"specialist in duurzame dak- en gevelbekleding; sterke focus monumentaal werk; uitgebreide materiaalkeuze; eigen zinkmeesters (Felssysteem, Roevensysteem, Losagnesysteem); bron: Wayback Machine cache 17-03-2026";2026-07-14
Dakdekker Direct;dakdekkerdirect.nl;Haarlem (2031 DB);dakbedekking, dakrenovatie, dakreparatie, dakisolatie, zink, koper, lood, shingles, pannendak, natuurleien, gootwerk, monumentaal werk, spoedservice;"title: Dakdekker Haarlem - Dakdekkersbedrijf Dakdekker Direct Haarlem; meta beschrijving aanwezig; H1: Dakdekker Haarlem; H2 count (2): Welkom bij Dakdekker Direct, Werkzaamheden waaronder ook dakbedekking in regio Haarlem; CMS: WordPress + Avada theme + Yoast SEO; schema.org JSON-LD: JA (Organization); sitemap.xml: GEEN; robots.txt: GEEN; mobielvriendelijk: JA; Google Business Profile: niet gevonden; telefoon: 023-5748173; email: info@dakdekkerdirect.nl; KvK: 51842483; starttarief: €120,- ex BTW; spoedservice: €170,- ex BTW; 10 jaar garantie; werkgebied: Haarlem, Heemstede, Bloemendaard, Aerdenhout; 10 jaar ervaring; jong en fris bedrijf";3-8;"jong en fris bedrijf; 10 jaar ervaring; starttarief €120,-; spoedservice; 10 jaar garantie; projectportfolio sinds 2014; bron: Wayback Machine cache 12-05-2026";2026-07-14
DKH Dakdekkers Amstelveen;dakdekkersamstelveen.nl;Amstelveen;dakbedekking, dakrenovatie, dakreparatie, dakgoot, gootverversing, zinkwerk, loodwerk, EPDM, PVC, TPO, shingles, leien, dakisolatie, dakonderhoud, schoorsteen, vogelwering;"title: DKH Dakdekkers Amstelveen | Gratis dakinspectie (24/7); meta beschrijving aanwezig; H1: Full-service dakdekker in Amstelveen (1x); H2 count: 7; robots.txt aanwezig; sitemap.xml aanwezig (page-sitemap.xml); schema.org JSON-LD: JA (Place + Organization met volledige adresgegevens); canonical URL aanwezig; mobielvriendelijk; geen Google Business Profile link gevonden; Contact-Formulier (Contact Form 7) aanwezig; WordPress + Elementor + GeneratePress + Yoast SEO; WP Rocket caching; 10 jaar garantie vermeld; 24/7 spoedservice";1-5;"adres: Professor J.H. Bavincklaan 7, 1183 AT Amstelveen; telefoon: 020-2420922; email: info@dakdekkersamstelveen.nl; KvK: niet op website vermeld; VCA-gecertificeerde dakdekkers; 10 jaar garantie; 24/7 spoedservice; geen Facebook/Instagram/YouTube; geen team/medewerker informatie op over-ons pagina; geen KvK-nummer op website; prijsniveau niet vermeld";2026-07-14
Zeegers Dakwerk;zeegersdakwerk.nl;Amstelveen;dakbedekking, dakrenovatie, dakreparatie, dakisolatie, zinkwerk, zinken dakgoten, dakinspectie, daklekkage, dakonderhoud, dakkapel;"title: Dakdekker Amstelveen en omstreken | Zeegers Dakwerk; meta beschrijving aanwezig; H1: 1 (goed); H2: 14 (uitgebreid); robots.txt aanwezig; sitemap.xml aanwezig (via Rank Math SEO); schema.org JSON-LD (Place); mobielvriendelijk; WhatsApp beschikbaar; WordPress + Rank Math SEO; geen Google Maps embed; geen Google Business Profile link; Facebook/Instagram (@zeegersdakwerk); KvK: 86727362; telefoon: 0297-548386; email: info@zeegersdakwerk.nl; adres: Keurmeesterstraat 36, Amstelveen; team vermeld; reviews/testimonials aanwezig; geen BTW vermeld; geen garantie vermeld";2-5 (team vermeld, klein bedrijf);"KvK: 86727362; telefoon: 0297-548386; email: info@zeegersdakwerk.nl; adres: Keurmeesterstraat 36, Amstelveen; WordPress + Rank Math SEO; Instagram: @zeegersdakwerk; reviews/testimonials; team vermeld";2026-07-14
